Conta;2018;2017;2016;2015;2014;2013;2012;2011;2010;2009;chk;Classe;
Ativo;;;;;;;;;;;;AT;
Ativo Total;26523851,00;25984477,00;26254745,00;27758332,00;30484062,00;31357994,00;32774219,00;33360425,00;31784751,00;25940930,00;Ativo Total;AT;
Ativo Circulante;8324317,00;7254755,00;6420478,00;6894842,00;8245211,00;9460294,00;10780645,00;12616945,00;12270576,00;9239835,00;Ativo Circulante;AC;
Caixa e Equivalentes de Caixa;1106790,00;1770573,00;719870,00;800272,00;2109812,00;2633187,00;3180764,00;2901312,00;4145779,00;3083047,00;Caixa e Equivalentes de Caixa;AC;
Aplicacoes Financeiras;586559,00;543715,00;1537584,00;1224185,00;742091,00;835629,00;1537558,00;2289383,00;397787,00;2098196,00;Aplicacoes Financeiras;AC;
Aplicacoes Financeiras Avaliadas a Valor Justo;0,00;0,00;0,00;0,00;0,00;0,00;0,00;0,00;0,00;0,00;Aplicacoes Financeiras Avaliadas a Valor Justo;AC;
Titulos para Negociacao;0,00;0,00;0,00;0,00;0,00;0,00;0,00;0,00;0,00;0,00;Titulos para Negociacao;AC;
Titulos Disponiveis para Venda;0,00;0,00;0,00;0,00;0,00;0,00;0,00;0,00;0,00;0,00;Titulos Disponiveis para Venda;AC;
Aplicacoes Financeiras Avaliadas ao Custo Amortizado;0,00;0,00;0,00;0,00;0,00;0,00;0,00;0,00;0,00;0,00;Aplicacoes Financeiras Avaliadas ao Custo Amortizado;AC;
Titulos Mantidos ata o Vencimento;0,00;0,00;0,00;0,00;0,00;0,00;0,00;0,00;0,00;0,00;Titulos Mantidos ata o Vencimento;AC;
Contas a Receber;1894291,00;1555494,00;1179212,00;1428421,00;1246694,00;1639551,00;1568085,00;1254435,00;1735127,00;1798390,00;Contas a Receber;AC;
Clientes;0,00;1555494,00;1179212,00;1428421,00;1246694,00;1639551,00;1568085,00;1254435,00;1735127,00;1798390,00;Clientes;AC;
Outras Contas a Receber subconta;0,00;0,00;0,00;0,00;0,00;0,00;0,00;0,00;0,00;0,00;Outras Contas a Receber;AC;
Estoques;3880635,00;2763496,00;2604306,00;2748417,00;3516751,00;3850420,00;3780182,00;5058876,00;4898311,00;3637203,00;Estoques;AC;
Ativos Biologicos;0,00;0,00;0,00;0,00;0,00;0,00;0,00;0,00;0,00;0,00;Ativos Biologicos;AC;
Tributos a Recuperar;0,00;0,00;0,00;0,00;0,00;0,00;0,00;0,00;0,00;0,00;Tributos a Recuperar;AC;
Tributos Correntes a Recuperar;0,00;0,00;0,00;0,00;0,00;0,00;0,00;0,00;0,00;0,00;Tributos Correntes a Recuperar;AC;
Despesas Antecipadas;0,00;0,00;0,00;0,00;0,00;0,00;0,00;0,00;0,00;0,00;Despesas Antecipadas;AC;
Outros Ativos Circulantes;856042,00;621477,00;379506,00;693547,00;629863,00;501507,00;714056,00;1112939,00;1093572,00;721195,00;Outros Ativos Circulantes;AC;
Ativos Nao-Correntes a Venda;0,00;0,00;0,00;0,00;0,00;0,00;0,00;0,00;0,00;0,00;Ativos Nao-Correntes a Venda;AC;
Ativos de Operacoes Descontinuadas;0,00;0,00;0,00;0,00;0,00;0,00;0,00;0,00;0,00;0,00;Ativos de Operacoes Descontinuadas;AC;
Outros;856042,00;621477,00;379506,00;693547,00;629863,00;501507,00;714056,00;1112939,00;1093572,00;721195,00;Outros;AC;
Impostos a Recuperar;617731,00;176851,00;125191,00;210946,00;358418,00;323520,00;485532,00;799635,00;823271,00;434756,00;Impostos a Recuperar;AC;
Imposto de Renda e Contribuicao Social Antecipados;130197,00;185614,00;113409,00;166252,00;0,00;0,00;0,00;0,00;0,00;;;AC;
Dividendos a Receber;13562,00;139078,00;2463,00;2357,00;12641,00;12413,00;12134,00;13587,00;56324,00;0,00;Dividendos a Receber;AC;
Adiantamentos a Fornecedores;4050,00;4332,00;7226,00;12477,00;17848,00;13541,00;33431,00;71758,00;70065,00;77221,00;Adiantamentos a Fornecedores;AC;
Outras Contas a Receber;347,00;115590,00;86548,00;148955,00;175564,00;106396,00;132866,00;198495,00;175942,00;172939,00;Outras Contas a Receber;AC;
Instrumentos Financeiros;90155,00;12,00;44669,00;152560,00;65392,00;45637,00;50093,00;29464,00;24294,00;36279,00;Instrumentos Financeiros;AC;
Ativo Nao Circulante;18199534,00;18729722,00;19834267,00;20863490,00;22238851,00;21897700,00;21993574,00;20743480,00;19514175,00;16701095,00;Ativo Nao Circulante;ANC;
Ativo Realizavel a Longo Prazo;4700822,00;4115862,00;4265283,00;4697628,00;3179812,00;2830342,00;2444744,00;1939992,00;1436133,00;1206748,00;Ativo Realizavel a Longo Prazo;ANC;
Aplicacoes Financeiras Avaliadas a Valor Justo;0,00;0,00;0,00;0,00;0,00;0,00;0,00;0,00;0,00;0,00;Aplicacoes Financeiras Avaliadas a Valor Justo;ANC;
Titulos para Negociacao;0,00;0,00;0,00;0,00;0,00;0,00;0,00;0,00;0,00;0,00;Titulos para Negociacao;ANC;
Titulos Disponiveis para Venda;0,00;0,00;0,00;0,00;0,00;0,00;0,00;0,00;0,00;0,00;Titulos Disponiveis para Venda;ANC;
Aplicacoes Financeiras Avaliadas ao Custo Amortizado;0,00;0,00;0,00;0,00;0,00;0,00;0,00;0,00;0,00;0,00;Aplicacoes Financeiras Avaliadas ao Custo Amortizado;ANC;
Titulos Mantidos ata o Vencimento;0,00;0,00;0,00;0,00;0,00;0,00;0,00;0,00;0,00;0,00;Titulos Mantidos ata o Vencimento;ANC;
Contas a Receber;64058,00;247284,00;163723,00;144283,00;133155,00;98853,00;0,00;0,00;31654,00;35130,00;Contas a Receber;ANC;
Clientes;64058,00;131458,00;0,00;0,00;0,00;0,00;0,00;0,00;31654,00;35130,00;Clientes;ANC;
Outras Contas a Receber;0,00;115826,00;0,00;0,00;0,00;0,00;0,00;0,00;0,00;0,00;Outras Contas a Receber;ANC;
Estoques;26899,00;39037,00;22657,00;0,00;54942,00;0,00;0,00;0,00;0,00;0,00;Estoques;ANC;
Ativos Biologicos;0,00;0,00;0,00;0,00;0,00;0,00;0,00;0,00;0,00;0,00;Ativos Biologicos;ANC;
Tributos Diferidos;2765356,00;3046112,00;3120368,00;3281063,00;2018129,00;1914996,00;0,00;0,00;0,00;0,00;Tributos Diferidos;ANC;
Imposto de Renda e Contribuicao Social Diferidos;0,00;0,00;0,00;0,00;0,00;0,00;0,00;0,00;0,00;0,00;Imposto de Renda e Contribuicao Social Diferidos;ANC;
Despesas Antecipadas;0,00;0,00;0,00;0,00;0,00;0,00;0,00;0,00;0,00;0,00;Despesas Antecipadas;ANC;
Creditos com Partes Relacionadas;2342,00;3147,00;3842,00;4412,00;22383,00;20831,00;12631,00;5710,00;5960,00;7344,00;Creditos com Partes Relacionadas;ANC;
Creditos com Coligadas;0,00;0,00;0,00;0,00;0,00;0,00;0,00;0,00;0,00;0,00;Creditos com Coligadas;ANC;
Creditos com Controladores;0,00;0,00;0,00;0,00;0,00;0,00;0,00;0,00;0,00;0,00;Creditos com Controladores;ANC;
Creditos com Outras Partes Relacionadas;0,00;0,00;0,00;0,00;0,00;0,00;0,00;0,00;0,00;0,00;Creditos com Outras Partes Relacionadas;ANC;
Outros Ativos Nao Circulantes;1842167,00;780282,00;954693,00;1267870,00;951203,00;795662,00;2432113,00;1934282,00;1430173,00;789617,00;Outros Ativos Nao Circulantes;ANC;
Ativos Nao-Correntes a Venda;0,00;0,00;0,00;0,00;0,00;0,00;0,00;0,00;0,00;0,00;Ativos Nao-Correntes a Venda;ANC;
Ativos de Operacoes Descontinuadas;0,00;0,00;0,00;0,00;0,00;0,00;0,00;0,00;0,00;0,00;Ativos de Operacoes Descontinuadas;ANC;
Tributos  Diferidos;0,00;0,00;0,00;0,00;0,00;0,00;1513879,00;797146,00;398223,00;374657,00;Tributos  Diferidos;ANC;
Depositos Judiciais;523557,00;675600,00;660229,00;597392,00;566408,00;565404,00;430717,00;486327,00;443879,00;315038,00;Depositos Judiciais;ANC;
Instrumentos Financeiros;3553,00;1184,00;100670,00;559654,00;252027,00;40608,00;286508,00;435972,00;356899,00;184423,00;Instrumentos Financeiros;ANC;
Impostos a Recuperar;454284,00;54881,00;96070,00;81263,00;95835,00;113474,00;132451,00;154737,00;174970,00;271373,00;Impostos a Recuperar;ANC;
Imposto de Renda e Contribuicao Social Antecipados;0,00;0,00;68172,00;0,00;;0,00;0,00;0,00;0,00;0,00;;ANC;
Valores a receber Eletrobras;676023,00;;;;;;;;;;;;
Outros;184750,00;48617,00;29552,00;29561,00;36933,00;76176,00;68558,00;60100,00;56202,00;18783,00;Outros;ANC;
Investimentos;1088094,00;1054052,00;1126176,00;1084311,00;1145787,00;1159948,00;453062,00;428382,00;2061186,00;1806734,00;Investimentos;ANC;
Participacoes Societarias;1088094,00;1054052,00;1126176,00;1084311,00;1145787,00;1159948,00;453062,00;428382,00;2061186,00;1806734,00;Participacoes Societarias;ANC;
Participacoes em Coligadas;473765,00;447315,00;525309,00;504148,00;495078,00;473784,00;450146,00;425198,00;1677101,00;1804315,00;Participacoes em Coligadas;ANC;
Outras Participacoes Societarias;614329,00;606737,00;600867,00;580163,00;650709,00;686164,00;2916,00;3184,00;384085,00;2419,00;Outras Participacoes Societarias;ANC;
Propriedades para Investimento;0,00;0,00;0,00;0,00;0,00;0,00;0,00;0,00;0,00;0,00;Propriedades para Investimento;ANC;0,00
Imobilizado;11715022,00;12882618,00;13748890,00;14743629,00;15535573,00;15506833,00;16653120,00;15921154,00;14275006,00;11950118,00;Imobilizado;ANC;
Imobilizado em Operacao;10869010,00;12038393,00;12856285,00;13317651,00;13524565,00;13589930,00;14443324,00;10489802,00;9744385,00;9065850,00;Imobilizado em Operacao;ANC;
Imobilizado Arrendado;0,00;0,00;0,00;0,00;0,00;0,00;0,00;0,00;0,00;0,00;Imobilizado Arrendado;ANC;
Imobilizado em Andamento;846012,00;844225,00;892605,00;1425978,00;2011008,00;1916903,00;2209796,00;5431352,00;4530621,00;2884268,00;Imobilizado em Andamento;ANC;
Intangivel;695596,00;677190,00;693918,00;337922,00;2377679,00;2400577,00;2442648,00;2453952,00;1741850,00;1737495,00;Intangivel;ANC;
Intangiveis;0,00;0,00;0,00;0,00;0,00;0,00;0,00;0,00;0,00;0,00;Intangiveis;ANC;
Contrato de Concessao;0,00;0,00;0,00;0,00;0,00;0,00;0,00;0,00;0,00;0,00;Contrato de Concessao;ANC;
Goodwill;0,00;0,00;0,00;0,00;0,00;0,00;0,00;0,00;0,00;0,00;Goodwill;ANC;
Passivo;;;;;;;;;;;;PT;
Passivo Total;26523851,00;25984477,00;26254745,00;27758332,00;30484062,00;31357994,00;32774219,00;33360425,00;31784751,00;25940930,00;Passivo Total;PT;
Passivo Circulante;3335670,00;3046420,00;1752244,00;4495923,00;4769426,00;5087491,00;5402921,00;4092173,00;3497015,00;3036027,00;Passivo Circulante;PC;
Obrigacoes Sociais e Trabalhistas;205583,00;188735,00;197076,00;278149,00;280284,00;250849,00;0,00;0,00;0,00;206519,00;Obrigacoes Sociais e Trabalhistas;PC;
Obrigacoes Sociais;0,00;0,00;0,00;0,00;0,00;0,00;0,00;0,00;0,00;0,00;Obrigacoes Sociais;PC;
Obrigacoes Trabalhistas;0,00;0,00;0,00;0,00;0,00;0,00;0,00;0,00;0,00;0,00;Obrigacoes Trabalhistas;PC;
Fornecedores;1133763,00;976917,00;846377,00;820571,00;1671540,00;2422024,00;2283644,00;1462373,00;1288109,00;815286,00;Fornecedores;PC;
Fornecedores Nacionais;0,00;0,00;0,00;0,00;0,00;0,00;0,00;0,00;0,00;0,00;Fornecedores Nacionais;PC;
Fornecedores Estrangeiros;0,00;0,00;0,00;0,00;0,00;0,00;0,00;0,00;0,00;0,00;Fornecedores Estrangeiros;PC;
Obrigacoes Fiscais;126212,00;96523,00;65985,00;91698,00;116949,00;135278,00;488625,00;625788,00;596243,00;139770,00;Obrigacoes Fiscais;PC;
Obrigacoes Fiscais Federais;126212,00;96523,00;65985,00;91698,00;116949,00;135278,00;488625,00;625788,00;596243,00;139770,00;Obrigacoes Fiscais Federais;PC;
Imposto de Renda e Contribuicao Social a Pagar;3299,00;1434,00;7538,00;85547,00;22743,00;4179,00;87610,00;197636,00;178593,00;9387,00;Imposto de Renda e Contribuicao Social a Pagar;PC;
Tributos a recolher;122913,00;95089,00;58447,00;6151,00;94206,00;131099,00;119479,00;126202,00;130441,00;130383,00;Tributos a recolher;PC;
Salarios e Encargos Sociais;0,00;0,00;0,00;0,00;0,00;0,00;281536,00;301950,00;287209,00;0,00;Salarios e Encargos Sociais;PC;
Obrigacoes Fiscais Estaduais;0,00;0,00;0,00;0,00;0,00;0,00;0,00;0,00;0,00;0,00;Obrigacoes Fiscais Estaduais;PC;
Obrigacoes Fiscais Municipais;0,00;0,00;0,00;0,00;0,00;0,00;0,00;0,00;0,00;0,00;Obrigacoes Fiscais Municipais;PC;
Emprestimos e Financiamentos;467036,00;989977,00;67708,00;1911501,00;1705891,00;1330170,00;1687073,00;1139516,00;812976,00;753274,00;Emprestimos e Financiamentos;PC;
Emprestimos e Financiamentos subconta;396799,00;927946,00;62157,00;1850392,00;1655799,00;1288645,00;1429409,00;865097,00;790560,00;734605,00;Emprestimos e Financiamentos;PC;
Em Moeda Nacional;0,00;0,00;0,00;0,00;0,00;0,00;0,00;0,00;0,00;0,00;Em Moeda Nacional;PC;
Em Moeda Estrangeira;0,00;0,00;0,00;0,00;0,00;0,00;0,00;0,00;0,00;0,00;Em Moeda Estrangeira;PC;
Debentures;70237,00;62031,00;5551,00;61109,00;50092,00;41525,00;257664,00;274419,00;22416,00;18669,00;Debêntures;PC;
Financiamento por Arrendamento Financeiro;0,00;0,00;0,00;0,00;0,00;0,00;0,00;0,00;0,00;0,00;Financiamento por Arrendamento Financeiro;PC;
Outras Obrigacoes;1403076,00;794268,00;575098,00;1394004,00;994762,00;949170,00;943579,00;864496,00;799687,00;1121178,00;Outras Obrigacoes;PC;
Passivos com Partes Relacionadas;0,00;0,00;0,00;0,00;0,00;140042,00;158243,00;92815,00;72621,00;54776,00;Passivos com Partes Relacionadas;PC;
Debitos com Coligadas;0,00;0,00;0,00;0,00;0,00;0,00;0,00;0,00;0,00;0,00;Debitos com Coligadas;PC;
Debitos com Controladores;0,00;0,00;0,00;0,00;0,00;0,00;0,00;0,00;0,00;0,00;Debitos com Controladores;PC;
Debitos com Outras Partes Relacionadas;0,00;0,00;0,00;0,00;0,00;0,00;0,00;0,00;0,00;0,00;Debitos com Outras Partes Relacionadas;PC;
Outros;1403076,00;794268,00;575098,00;1394004,00;994762,00;809128,00;785336,00;771681,00;727066,00;1066402,00;Outros;PC;
Dividendos e JCP a Pagar;202809,00;75644,00;22001,00;142,00;30937,00;1122,00;26635,00;69704,00;159819,00;310752,00;Dividendos e JCP a Pagar;PC;
Dividendo Minimo Obrigatorio a Pagar;0,00;0,00;0,00;0,00;0,00;0,00;0,00;0,00;0,00;0,00;Dividendo Minimo Obrigatorio a Pagar;PC;
Obrigacoes por Pagamentos Baseados em Acoes;0,00;0,00;0,00;0,00;0,00;0,00;0,00;0,00;0,00;0,00;Obrigacoes por Pagamentos Baseados em Acoes;PC;
Tributos Parcelados;4180,00;20494,00;8529,00;8191,00;7560,00;25770,00;35434,00;61169,00;57555,00;70087,00;Tributos Parcelados;PC;
Instrumentos Financeiros;0,00;0,00;48577,00;199657,00;94045,00;51015,00;42209,00;43589,00;73027,00;66029,00;Instrumentos Financeiros;PC;
Adiantamentos de Clientes;63484,00;81394,00;35806,00;40799,00;110179,00;178309,00;279297,00;202978,00;180728,00;197545,00;Adiantamentos de Clientes;PC;
Contas a Pagar por Aquisicao de Investimentos ;0,00;0,00;0,00;0,00;0,00;213607,00;178249,00;156193,00;0,00;138512,00;Contas a Pagar por Aquisicao de Investimentos ;PC;
Contas a Pagar;166676,00;141485,00;103215,00;191054,00;136480,00;339305,00;223512,00;238048,00;255937,00;283477,00;Contas a Pagar;PC;
Titulos a pagar - Forfaiting;965927,00;475251,00;356970,00;954161,00;615561,00;0,00;0,00;0,00;0,00;0,00;;PC;
Provisoes;0,00;0,00;0,00;0,00;0,00;0,00;0,00;0,00;0,00;0,00;Provisoes;PC;
Provisoes Fiscais Previdenciarias Trabalhistas e Civeis;0,00;0,00;0,00;0,00;0,00;0,00;0,00;0,00;0,00;0,00;Provisoes Fiscais Previdenciarias Trabalhistas e Civeis;PC;
Provisoes Fiscais;0,00;0,00;0,00;0,00;0,00;0,00;0,00;0,00;0,00;0,00;Provisoes Fiscais;PC;
Provisoes Previdenciarias e Trabalhistas;0,00;0,00;0,00;0,00;0,00;0,00;0,00;0,00;0,00;0,00;Provisoes Previdenciarias e Trabalhistas;PC;
Provisoes para Beneficios a Empregados;0,00;0,00;0,00;0,00;0,00;0,00;0,00;0,00;0,00;0,00;Provisoes para Beneficios a Empregados;PC;
Provisoes Civeis;0,00;0,00;0,00;0,00;0,00;0,00;0,00;0,00;0,00;0,00;Provisoes Civeis;PC;
Outras Provisoes;0,00;0,00;0,00;0,00;0,00;0,00;0,00;0,00;0,00;0,00;Outras Provisoes;PC;
Provisoes para Garantias;0,00;0,00;0,00;0,00;0,00;0,00;0,00;0,00;0,00;0,00;Provisoes para Garantias;PC;
Provisoes para Reestruturacao;0,00;0,00;0,00;0,00;0,00;0,00;0,00;0,00;0,00;0,00;Provisoes para Reestruturacao;PC;
Provisoes para Passivos Ambientais e de Desativacao;0,00;0,00;0,00;0,00;0,00;0,00;0,00;0,00;0,00;0,00;Provisoes para Passivos Ambientais e de Desativacao;PC;
Passivos sobre Ativos Nao-Correntes a Venda e Descontinuados;0,00;0,00;0,00;0,00;0,00;0,00;0,00;0,00;0,00;0,00;Passivos sobre Ativos Nao-Correntes a Venda e Descontinuados;PC;
Passivos sobre Ativos Nao-Correntes a Venda;0,00;0,00;0,00;0,00;0,00;0,00;0,00;0,00;0,00;;Passivos sobre Ativos Nao-Correntes a Venda;PC;
Passivos sobre Ativos de Operacoes Descontinuadas;0,00;0,00;0,00;0,00;0,00;0,00;0,00;0,00;0,00;0,00;Passivos sobre Ativos de Operacoes Descontinuadas;PC;
Passivo Nao Circulante;7490790,00;7754093,00;9310867,00;8268552,00;6953021,00;7436558,00;8858225,00;10254047,00;9258299,00;6903845,00;Passivo Nao Circulante;PNC;
Emprestimos e Financiamentos;5382754,00;5645802,00;6856600,00;5957213,00;4978324,00;5510811,00;6467587,00;7623126,00;6904124,00;4784531,00;Emprestimos e Financiamentos;PNC;
Emprestimos e Financiamentos  subconta;4562971,00;4758468,00;5864416,00;4958032,00;3979775,00;4512891,00;6467587,00;7373126,00;6404124,00;3684531,00;Emprestimos e Financiamentos;PNC;
Em Moeda Nacional;0,00;0,00;0,00;0,00;0,00;0,00;0,00;0,00;0,00;0,00;Em Moeda Nacional;PNC;
Em Moeda Estrangeira;0,00;0,00;0,00;0,00;0,00;0,00;0,00;0,00;0,00;0,00;Em Moeda Estrangeira;PNC;
Debentures;819783,00;887334,00;992184,00;999181,00;998549,00;997920,00;0,00;250000,00;500000,00;1100000,00;Debentures;PNC;
Financiamento por Arrendamento Financeiro;0,00;0,00;0,00;0,00;0,00;0,00;0,00;0,00;0,00;0,00;Financiamento por Arrendamento Financeiro;PNC;
Outras Obrigacoes;234550,00;230670,00;360635,00;473402,00;225907,00;112164,00;636185,00;1040933,00;602371,00;397012,00;Outras Obrigacoes;PNC;
Passivos com Partes Relacionadas;134254,00;143170,00;153269,00;162957,00;0,00;0,00;0,00;6750,00;41899,00;0,00;Passivos com Partes Relacionadas;PNC;
Debitos com Coligadas;0,00;0,00;0,00;0,00;0,00;0,00;0,00;0,00;0,00;0,00;Debitos com Coligadas;PNC;
Debitos com Controladores;0,00;0,00;0,00;0,00;0,00;0,00;0,00;0,00;0,00;0,00;Debitos com Controladores;PNC;
Debitos com Outras Partes Relacionadas;0,00;143170,00;153269,00;162957,00;0,00;0,00;0,00;0,00;0,00;0,00;Debitos com Outras Partes Relacionadas;PNC;
Outros;100296,00;87500,00;207366,00;310445,00;225907,00;112164,00;636185,00;1034183,00;560472,00;397012,00;Outros;PNC;
Obrigacoes por Pagamentos Baseados em Acoes;0,00;0,00;0,00;0,00;0,00;0,00;0,00;0,00;0,00;0,00;Obrigacoes por Pagamentos Baseados em Acoes;PNC;
Adiantamento para Futuro Aumento de Capital;0,00;0,00;0,00;0,00;0,00;0,00;0,00;0,00;0,00;0,00;Adiantamento para Futuro Aumento de Capital;PNC;
Tributos Parcelados;0,00;0,00;9050,00;9582,00;9972,00;36083,00;44259,00;38637,00;70538,00;85859,00;Tributos Parcelados;PNC;
Instrumentos Financeiros;0,00;0,00;102413,00;203845,00;182216,00;52910,00;323790,00;547250,00;437195,00;247264,00;Instrumentos Financeiros;PNC;
Contas a Pagar por Aquisicao de Investimentos ;0,00;0,00;0,00;0,00;0,00;0,00;178249,00;312385,00;0,00;27731,00;Contas a Pagar por Aquisicao de Investimentos ;PNC;
Outros  subconta;100296,00;87500,00;95903,00;97018,00;33719,00;23171,00;89887,00;135911,00;52739,00;36158,00;Outros;PNC;
Tributos Diferidos;0,00;0,00;0,00;0,00;0,00;0,00;0,00;0,00;0,00;0,00;Tributos Diferidos;PNC;
Imposto de Renda e Contribuicao Social Diferidos;0,00;0,00;0,00;0,00;0,00;0,00;0,00;0,00;0,00;0,00;Imposto de Renda e Contribuicao Social Diferidos;PNC;
Provisoes;1873486,00;1877621,00;2093632,00;1837937,00;1748790,00;1813583,00;1754453,00;1589988,00;1751804,00;1722302,00;Provisoes;PNC;
Provisoes Fiscais Previdenciarias Trabalhistas e Civeis;1669779,00;1719288,00;1950590,00;1710834,00;1663647,00;1736995,00;1676750,00;1481728,00;1616894,00;1631820,00;Provisoes Fiscais Previdenciarias Trabalhistas e Civeis;PNC;
Provisoes Fiscais;0,00;0,00;0,00;0,00;0,00;0,00;0,00;0,00;0,00;0,00;Provisoes Fiscais;PNC;
Provisoes Previdenciarias e Trabalhistas;1034228,00;1050324,00;1342727,00;1153379,00;1187788,00;1230316,00;1396812,00;1277473,00;1301940,00;1258111,00;Provisoes Previdenciarias e Trabalhistas;PNC;
Provisoes para Beneficios a Empregados;0,00;0,00;0,00;0,00;0,00;0,00;0,00;0,00;0,00;0,00;Provisoes para Beneficios a Empregados;PNC;
Provisoes Civeis;0,00;0,00;0,00;0,00;0,00;0,00;0,00;0,00;0,00;0,00;Provisoes Civeis;PNC;
Passivos Contingentes;635551,00;668964,00;607863,00;557455,00;475859,00;506679,00;279938,00;204255,00;314954,00;373709,00;Passivos Contingentes;PNC;
Outras Provisoes;203707,00;158333,00;143042,00;127103,00;85143,00;76588,00;77703,00;108260,00;134910,00;90482,00;Outras Provisoes;PNC;
Provisoes para Garantias;0,00;0,00;0,00;0,00;0,00;0,00;0,00;0,00;0,00;0,00;Provisoes para Garantias;PNC;
Provisoes para Reestruturacao;0,00;0,00;0,00;0,00;0,00;0,00;0,00;0,00;0,00;0,00;Provisoes para Reestruturacao;PNC;
Provisoes para Passivos Ambientais e de Desativacao;203707,00;158333,00;143042,00;127103,00;85143,00;76588,00;77703,00;108260,00;134910,00;90482,00;Provisoes para Passivos Ambientais e de Desativacao;PNC;
Passivos sobre Ativos Nao-Correntes a Venda e Descontinuados;0,00;0,00;0,00;0,00;0,00;0,00;0,00;0,00;0,00;0,00;Passivos sobre Ativos Nao-Correntes a Venda e Descontinuados;PNC;
Passivos sobre Ativos Nao-Correntes a Venda;0,00;0,00;0,00;0,00;0,00;0,00;0,00;0,00;0,00;0,00;Passivos sobre Ativos Nao-Correntes a Venda;PNC;
Passivos sobre Ativos de Operacoes Descontinuadas;0,00;0,00;0,00;0,00;0,00;0,00;0,00;0,00;0,00;0,00;Passivos sobre Ativos de Operacoes Descontinuadas;PNC;
Lucros e Receitas a Apropriar;0,00;0,00;0,00;0,00;0,00;0,00;0,00;0,00;0,00;0,00;Lucros e Receitas a Apropriar;PNC;
Lucros a Apropriar;0,00;0,00;0,00;0,00;0,00;0,00;0,00;0,00;0,00;0,00;Lucros a Apropriar;PNC;
Receitas a Apropriar;0,00;0,00;0,00;0,00;0,00;0,00;0,00;0,00;0,00;0,00;Receitas a Apropriar;PNC;
Subvencoes de Investimento a Apropriar;0,00;0,00;0,00;0,00;0,00;0,00;0,00;0,00;0,00;0,00;Subvencoes de Investimento a Apropriar;PNC;
Patrimonio Liquido Consolidado;15697391,00;15183964,00;15191634,00;14993857,00;18761615,00;18833945,00;18513073,00;19014205,00;19029437,00;16001058,00;Patrimônio Liquido Consolidado;PL;
Capital Social Realizado;13200295,00;13200295,00;13200295,00;12150000,00;12150000,00;12150000,00;12150000,00;12150000,00;12150000,00;12150000,00;Capital Social Realizado;PL;
Reservas de Capital;309391,00;311747,00;309445,00;327191,00;318851,00;313084,00;219684,00;2274,00;0,00;0,00;Reservas de Capital;PL;
Agio na Emissao de Acoes;0,00;0,00;0,00;0,00;0,00;0,00;0,00;0,00;0,00;0,00;agio na Emissao de Acoes;PL;
Reserva Especial de agio na Incorporacao;0,00;0,00;0,00;0,00;0,00;0,00;0,00;0,00;0,00;0,00;Reserva Especial de agio na Incorporacao;PL;
Alienacao de Bonus de Subscricao;0,00;0,00;0,00;0,00;0,00;0,00;0,00;0,00;0,00;0,00;Alienacao de Bônus de Subscricao;PL;
Opcoes Outorgadas;0,00;0,00;0,00;0,00;0,00;0,00;0,00;0,00;0,00;0,00;Opcoes Outorgadas;PL;
Acoes em Tesouraria RC;0,00;0,00;0,00;0,00;0,00;0,00;0,00;0,00;0,00;-105295,00;Acoes em Tesouraria;PL;
Adiantamento para Futuro Aumento de Capital;0,00;0,00;0,00;0,00;0,00;0,00;0,00;0,00;0,00;0,00;Adiantamento para Futuro Aumento de Capital;PL;
Reservas de Reavaliacao;0,00;0,00;0,00;0,00;0,00;0,00;0,00;0,00;0,00;0,00;Reservas de Reavaliacao;PL;
Reservas de Lucros;766942,00;202207,00;0,00;620039,00;3831060,00;3699154,00;3871384,00;4490822,00;4316992,00;3315028,00;Reservas de Lucros;PL;
Reserva Legal;47984,00;11651,00;0,00;620039,00;706065,00;699587,00;699587,00;699587,00;687934,00;609342,00;Reserva Legal;PL;
Reserva Estatutaria;0,00;0,00;0,00;0,00;2967345,00;2999567,00;3020985,00;3020985,00;2910274,00;0,00;Reserva Estatutaria;PL;
Reserva para Contingencias;0,00;0,00;0,00;0,00;0,00;0,00;0,00;0,00;0,00;0,00;Reserva para Contingências;PL;
Reserva de Lucros a Realizar;0,00;0,00;0,00;0,00;0,00;0,00;0,00;0,00;0,00;0,00;Reserva de Lucros a Realizar;PL;
Reserva de Retencao de Lucros;0,00;0,00;0,00;0,00;0,00;0,00;0,00;0,00;0,00;0,00;Reserva de Retencao de Lucros;PL;
Reserva Especial para Dividendos Nao Distribuidos;0,00;0,00;0,00;0,00;0,00;0,00;0,00;0,00;0,00;0,00;Reserva Especial para Dividendos Nao Distribuidos;PL;
Reserva de Incentivos Fiscais;0,00;0,00;0,00;0,00;0,00;0,00;0,00;0,00;0,00;0,00;Reserva de Incentivos Fiscais;PL;
Dividendo Adicional Proposto;0,00;0,00;0,00;0,00;0,00;0,00;0,00;0,00;0,00;0,00;Dividendo Adicional Proposto;PL;
Acoes em Tesouraria  RL;0,00;0,00;0,00;0,00;0,00;0,00;0,00;0,00;0,00;0,00;Acoes em Tesouraria;PL;
Para Investimentos e Capital de Giro;718958,00;190556,00;0,00;0,00;157650,00;0,00;150812,00;770250,00;718784,00;2705686,00;Para Investimentos e Capital de Giro;PL;
Lucros/Prejuizos Acumulados;0,00;0,00;0,00;0,00;0,00;0,00;0,00;0,00;0,00;-41277,00;Lucros/Prejuizos Acumulados;PL;
Ajustes de Avaliacao Patrimonial;-10330,00;60546,00;26000,00;311748,00;419753,00;549670,00;367361,00;640697,00;965607,00;221901,00;Ajustes de Avaliacao Patrimonial;PL;
Ajustes Acumulados de Conversao;0,00;0,00;0,00;0,00;0,00;0,00;0,00;0,00;0,00;0,00;Ajustes Acumulados de Conversao;PL;
Outros Resultados Abrangentes;0,00;0,00;0,00;0,00;0,00;0,00;0,00;0,00;0,00;0,00;Outros Resultados Abrangentes;PL;
Participacao dos Acionistas Nao Controladores;1431093,00;1409169,00;1655894,00;1584879,00;2041951,00;2122037,00;1904644,00;1730412,00;1596838,00;355406,00;Participacao dos Acionistas Nao Controladores;PL;
DRE;;;;;;;;;;;;DRE;
Receita de Venda de Bens e/ou Servicos;13736780,00;10734118,00;8454200,00;10185570,00;11741629,00;12829467,00;12708799,00;11901959,00;12962395,00;10924140,00;Receita de Venda de Bens e/ou Servicos;DRE;
Custo dos Bens e/ou Servicos Vendidos;-11521694,00;-9099024,00;-7966878,00;-10013018,00;-10704864,00;-11353664,00;-12048300,00;-10607791,00;-10431539,00;-9440282,00;Custo dos Bens e/ou Servicos Vendidos;DRE;
Resultado Bruto;2215086,00;1635094,00;487322,00;172552,00;1036765,00;1475803,00;660499,00;1294168,00;2530856,00;1483858,00;Resultado Bruto;DRE;
Despesas/Receitas Operacionais;-1072815,00;-751224,00;-708914,00;-3801758,00;-330017,00;-774923,00;-798974,00;-601349,00;-570413,00;-309418,00;Despesas/Receitas Operacionais;DRE;
Despesas com Vendas;-337404,00;-250950,00;-272731,00;-258141,00;-290930,00;-336443,00;-372937,00;-458568,00;-374254,00;-284139,00;Despesas com Vendas;DRE;
Despesas Gerais e Administrativas;-440022,00;-404393,00;-354218,00;-440121,00;-501549,00;-567982,00;-488447,00;-510319,00;-527222,00;-456304,00;Despesas Gerais e Administrativas;DRE;
Perdas pela Nao Recuperabilidade de Ativos;0,00;0,00;0,00;0,00;0,00;0,00;0,00;0,00;0,00;0,00;Perdas pela Nao Recuperabilidade de Ativos;DRE;
Outras Receitas Operacionais;1135017,00;915933,00;847737,00;383419,00;813687,00;538629,00;363808,00;422203,00;172515,00;188883,00;Outras Receitas Operacionais;DRE;
Outras Despesas Operacionais;-1690756,00;-1166710,00;-1072563,00;-3582497,00;-535005,00;-590328,00;-362566,00;-121632,00;100568,00;74584,00;Outras Despesas Operacionais;DRE;
Resultado de Equivalencia Patrimonial;260350,00;154896,00;142861,00;95582,00;183780,00;181201,00;61168,00;66967,00;57980,00;167558,00;Resultado de Equivalência Patrimonial;DRE;
Resultado Antes do Resultado Financeiro e dos Tributos;1142271,00;883870,00;-221592,00;-3629206,00;706748,00;700880,00;-138475,00;692819,00;1960443,00;1174440,00;Resultado Antes do Resultado Financeiro e dos Tributos;DRE;
Resultado Financeiro;93045,00;-462920,00;-30156,00;-1245693,00;-522831,00;-895209,00;-502631,00;-50015,00;13227,00;608798,00;Resultado Financeiro;DRE;
Receitas Financeiras;0,00;0,00;0,00;0,00;0,00;0,00;0,00;0,00;0,00;0,00;Receitas Financeiras;DRE;
Despesas Financeiras;0,00;0,00;0,00;0,00;0,00;0,00;0,00;0,00;0,00;0,00;Despesas Financeiras;DRE;
Resultado Antes dos Tributos sobre o Lucro;1235316,00;420950,00;-251748,00;-4874899,00;183917,00;-194329,00;-641106,00;642804,00;1973670,00;1783238,00;Resultado Antes dos Tributos sobre o Lucro;DRE;
Imposto de Renda e Contribuicao Social sobre o Lucro;-406621,00;-105870,00;-325095,00;1189922,00;24562,00;211120,00;109806,00;-113752,00;-567925,00;-507783,00;Imposto de Renda e Contribuicao Social sobre o Lucro;DRE;
Corrente;-98228,00;-59038,00;-17951,00;-17282,00;-19425,00;-268044,00;-168316,00;-340583,00;-492654,00;0,00;Corrente;DRE;
Diferido;-308393,00;-46832,00;-307144,00;1207204,00;43987,00;479164,00;278122,00;226831,00;-75271,00;0,00;Diferido;DRE;
Resultado Liquido das Operacoes Continuadas;828695,00;315080,00;-576843,00;-3684977,00;208479,00;16791,00;-531300,00;529052,00;1405745,00;1275455,00;Resultado Liquido das Operacoes Continuadas;DRE;
Resultado Liquido de Operacoes Descontinuadas;0,00;0,00;0,00;0,00;0,00;0,00;0,00;-124919,00;177905,00;0,00;Resultado Liquido de Operacoes Descontinuadas;DRE;
Lucro/Prejuizo Liquido das Operacoes Descontinuadas;0,00;0,00;0,00;0,00;0,00;0,00;0,00;0,00;0,00;0,00;Lucro/Prejuizo Liquido das Operacoes Descontinuadas;DRE;
Ganhos/Perdas Liquidas sobre Ativos de Operacoes Descontinuadas;0,00;0,00;0,00;0,00;0,00;0,00;0,00;0,00;0,00;0,00;Ganhos/Perdas Liquidas sobre Ativos de Operacoes Descontinuadas;DRE;
Lucro/Prejuizo Consolidado do Periodo;828695,00;315080,00;-576843,00;-3684977,00;208479,00;16791,00;-531300,00;404133,00;1583650,00;1275455,00;Lucro/Prejuizo Consolidado do Periodo;DRE;
Atribuido a Socios da Empresa Controladora;726658,00;233015,00;-669952,00;-3236105,00;129552,00;-141678,00;-639574,00;233077,00;1571840,00;1273026,00;Atribuido a Socios da Empresa Controladora;DRE;
Atribuido a Socios Nao Controladores;102037,00;82065,00;93109,00;-448872,00;78927,00;158469,00;108274,00;171056,00;11810,00;2429,00;Atribuido a Socios Nao Controladores;DRE;
Lucro por Acao - (Reais / Acao);0,00;0,00;0,00;0,00;0,00;0,00;0,00;0,00;0,00;0,00;Lucro por Acao - (Reais / Acao);DRE;
Lucro Basico por Acao;0,00;0,00;0,00;0,00;0,00;0,00;0,00;0,00;0,00;0,00;Lucro Basico por Acao;DRE;
ON;0,57;0,18;-0,60;-3,28;0,13;-0,14;-0,62;0,23;1,52;1,23;ON;DRE;
PN;0,62;0,20;-0,60;-3,28;0,14;-0,14;-0,68;0,25;1,67;1,35;PN;DRE;
Lucro Diluido por Acao;0,00;0,00;0,00;0,00;0,00;0,00;0,00;0,00;0,00;0,00;Lucro Diluido por Acao;DRE;
ON 1;0,57;0,18;-0,60;-3,28;0,13;-0,14;-0,62;0,23;1,52;1,23;ON;DRE;
PN 1;0,62;0,20;-0,60;-3,28;0,14;-0,14;-0,68;0,25;1,67;1,35;PN;DRE;
DRA;;;;;;;;;;;;DRA;
Lucro Liquido Consolidado do Periodo;828695,00;315080,00;-576843,00;-3684977,00;208479,00;16791,00;-531300,00;404133,00;1583650,00;1275455,00;Lucro Liquido Consolidado do Periodo;DRA;
Outros Resultados Abrangentes;-59166,00;60444,00;-268065,00;-93379,00;-98059,00;147848,00;-229758,00;-130507,00;-233497,00;-638567,00;Outros Resultados Abrangentes;DRA;
Ganho (perda) Atuarial com Beneficios de Aposentadoria;-59166,00;60444,00;-268065,00;-93379,00;-101190,00;29277,00;-250762,00;-154174,00;-187551,00;46416,00;Ganho (perda) Atuarial com Beneficios de Aposentadoria;DRA;
 Variacao Cambial de Coligada no Exterior e Outras Movimentacoes;0,00;0,00;0,00;0,00;0,00;105,00;-1134,00;161624,00;-48512,00;-676612,00; Variacao Cambial de Coligada no Exterior e Outras Movimentacoes;DRA;
Hedge de Fluxo de Caixa na Controladora;0,00;0,00;0,00;0,00;3131,00;118466,00;22138,00;-143735,00;0,00;0,00;Hedge de Fluxo de Caixa na Controladora;DRA;
Hedge de Fluxo de Caixa em Coligada;0,00;0,00;0,00;0,00;0,00;0,00;0,00;5778,00;2566,00;-8344,00;Hedge de Fluxo de Caixa em Coligada;DRA;
Resultado Abrangente Consolidado do Periodo;769529,00;375524,00;-844908,00;-3778356,00;110420,00;164639,00;-761058,00;273626,00;1350153,00;636888,00;Resultado Abrangente Consolidado do Periodo;DRA;
Atribuido a Socios da Empresa Controladora;667509,00;292707,00;-937783,00;-3329484,00;31493,00;6170,00;-869332,00;102570,00;1338343,00;634459,00;Atribuido a Socios da Empresa Controladora;DRA;
Atribuido a Socios Nao Controladores;102020,00;82817,00;92875,00;-448872,00;78927,00;158469,00;108274,00;171056,00;11810,00;2429,00;Atribuido a Socios Nao Controladores;DRA;
DFC;;;;;;;;;;;;DFC;
Caixa Liquido Atividades Operacionais;509618,00;877029,00;-310312,00;103414,00;1411597,00;1106293,00;3409075,00;-470631,00;1347760,00;2336650,00;Caixa Liquido Atividades Operacionais;DFC-O;
Caixa Gerado nas Operacoes;3624953,00;2559308,00;1033361,00;721707,00;1912371,00;1552172,00;1002221,00;1560739,00;2920756,00;1192686,00;Caixa Gerado nas Operacoes;DFC-O;
Lucro Liquido do Exercicio;828695,00;315080,00;-576843,00;-3684977,00;208479,00;16791,00;-531300,00;404133,00;1583650,00;1275455,00;Lucro Liquido do Exercicio;DFC-O;
Encargos e Variacoes Monetarias/Cambiais Liquidas;346360,00;200702,00;33433,00;1364544,00;565923,00;805437,00;541337,00;490460,00;-108757,00;-1110871,00;Encargos e Variacoes Monetarias/Cambiais Liquidas;DFC-O;
Despesas de Juros;392031,00;636934,00;451913,00;253545,00;204557,00;242325,00;284808,00;277737,00;437760,00;339711,00;Despesas de Juros;DFC-O;
Depreciacao, Amortizacao e Exaustao ;1029535,00;1171851,00;1216491,00;1311699,00;1114597,00;1072433,00;997718,00;856888,00;822858,00;862117,00;Depreciacao, Amortizacao e Exaustao ;DFC-O;
Resultado na Venda de Imobilizado ;267,00;1183,00;25331,00;54259,00;-54271,00;-44427,00;-2246,00;-64112,00;56427,00;12116,00;Resultado na Venda de Imobilizado ;DFC-O;
Resultado na Alienacao de Operacoes Descontinuadas;0,00;0,00;0,00;0,00;0,00;0,00;0,00;124919,00;-177905,00;0,00;Resultado na Alienacao de Operacoes Descontinuadas;DFC-O;
Participacoes nos Resultados de controladas, controladas em conjunto e coligadas;-260350,00;-154896,00;-142861,00;-67020,00;-183780,00;-181201,00;-61168,00;-66967,00;-57980,00;-167558,00;Participacoes nos Resultados de controladas, controladas em conjunto e coligadas;DFC-O;
Imposto de Renda e Contribuicao Social Diferidos;308393,00;46832,00;307144,00;-1207204,00;-43987,00;-479164,00;-278122,00;-226831,00;-567925,00;-269153,00;Imposto de Renda e Contribuicao Social Diferidos;DFC-O;
Constituicao (Reversao) e Provisoes;415318,00;236683,00;66120,00;113507,00;90479,00;62648,00;130595,00;-148096,00;-123054,00;-309959,00;Constituicao (Reversao) e Provisoes;DFC-O;
Perdas (Ganhos) Atuariais;91917,00;29096,00;-1480,00;16502,00;5157,00;48257,00;-86092,00;-89666,00;-80168,00;22522,00;Perdas (Ganhos) Atuariais;DFC-O;
Plano de Outorga de Acoes;0,00;951,00;-2881,00;8340,00;5217,00;9073,00;6691,00;2274,00;0,00;0,00;Plano de Outorga de Acoes;DFC-O;
Perda (reversao) por valor recuperavel de ativos (Impairment);472787,00;74892,00;-343006,00;2558512,00;0,00;0,00;;;;;;DFC-O;
Variacoes nos Ativos e Passivos;-2305771,00;-662435,00;-216754,00;187681,00;249944,00;462067,00;2406854,00;-2031370,00;-1572996,00;1143964,00;Variacoes nos Ativos e Passivos;DFC-O;
Titulos e Valores Mobiliarios;0,00;0,00;0,00;0,00;0,00;0,00;751825,00;-1891596,00;587064,00;98912,00;Titulos e Valores Mobiliarios;DFC-O;
Contas a Receber de Clientes;-313315,00;-536710,00;199287,00;-196978,00;390456,00;-120154,00;-313650,00;480692,00;32392,00;-56498,00;Contas a Receber de Clientes;DFC-O;
Estoques;-1078691,00;-268659,00;163648,00;622127,00;343697,00;-128475,00;1278694,00;-241990,00;-1261108,00;1510053,00;Estoques;DFC-O;
Impostos a Recuperar;-759696,00;4654,00;24583,00;-7610,00;47938,00;-11748,00;278395,00;12059,00;-289671,00;7029,00;Impostos a Recuperar;DFC-O;
Valores a Receber de Empresas Ligadas;805,00;695,00;570,00;17971,00;-1552,00;-1195,00;-6921,00;250,00;1384,00;951,00;Valores a Receber de Empresas Ligadas;DFC-O;
Depositos Judiciais;33587,00;-19082,00;-72282,00;-31642,00;-1130,00;18419,00;19447,00;-34299,00;-33003,00;-76227,00;Depositos Judiciais;DFC-O;
Outros;-644673,00;-13629,00;82118,00;1715,00;-95711,00;148690,00;134612,00;-27549,00;-13355,00;186005,00;Outros;DFC-O;
Fornecedores, Empreiteiros e Fretes;156846,00;130540,00;25806,00;-850969,00;155559,00;149060,00;821271,00;379637,00;472823,00;92731,00;Fornecedores, Empreiteiros e Fretes;DFC-O;
Adiantamentos de Clientes;-17910,00;45588,00;-4993,00;-69380,00;-68130,00;-97211,00;76319,00;22250,00;-16817,00;-7874,00;Adiantamentos de Clientes;DFC-O;
Valores a Pagar a Empresas Ligadas;-8916,00;-10099,00;-9688,00;162957,00;0,00;-55432,00;58678,00;-14955,00;-37456,00;-2542,00;Valores a Pagar a Empresas Ligadas;DFC-O;
Tributos a Recolher;-25006,00;36642,00;-27100,00;-8659,00;-36893,00;19363,00;-6723,00;-4239,00;58,00;36944,00;Tributos a Recolher;DFC-O;
Titulos a pagar - Forfaiting;490676,00;118281,00;-399729,00;454828,00;-237517,00;0,00;0,00;0,00;0,00;0,00;;DFC-O;
Outros 1;-139478,00;-150656,00;-198974,00;93321,00;-246773,00;540750,00;217011,00;215680,00;-56527,00;88327,00;Outros 1 ;DFC-O;
Outros 2;-809564,00;-1019844,00;-1126919,00;-805974,00;-750718,00;-907946,00;0,00;0,00;0,00;0,00;Outros 2;DFC-O;
Imposto de Renda e Contribuicao Social Pagos;-78260,00;-25262,00;-16569,00;-30472,00;-66058,00;-161141,00;-220347,00;-210504,00;-345856,00;-436333,00;Imposto de Renda e Contribuicao Social Pagos;DFC-O;
Juros Pagos;-533504,00;-764250,00;-897242,00;-583286,00;-482793,00;-568571,00;-507246,00;-549599,00;-465919,00;-415129,00;Juros Pagos;DFC-O;
Passivo Atuarial Pago;-197800,00;-230332,00;-213108,00;-192216,00;-201867,00;-178234,00;-174511,00;-167207,00;-147005,00;-148821,00;Passivo Atuarial Pago;DFC-O;
Caixa Liquido Atividades de Investimento;-95900,00;812846,00;-433925,00;-1098188,00;-996356,00;-167651,00;-1843443,00;-921849,00;-3177933,00;-2021084,00;Caixa Liquido Atividades de Investimento;DFC-I;
Valor Recebido Pela Alienacao (Aquisicao) de Investimentos;0,00;0,00;0,00;0,00;26972,00;135842,00;4606,00;1656740,00;-32400,00;13102,00;Valor Recebido Pela Alienacao (Aquisicao) de Investimentos;DFC-I;
Valor Pago Pela Aquisicao de Controladas e Coligadas;0,00;0,00;0,00;0,00;-224439,00;-206403,00;-194412,00;-154312,00;0,00;-46709,00;Valor Pago Pela Aquisicao de Controladas e Coligadas;DFC-I;
Compras de Imobilizado;-405141,00;-208471,00;-207035,00;-725030,00;-1086800,00;-956565,00;-1637077,00;-2490138,00;-3191808,00;-2060597,00;Compras de Imobilizado;DFC-I;
Valor Recebido Pela Venda de Imobilizado;39512,00;8647,00;5532,00;16422,00;86109,00;36203,00;12890,00;85100,00;2840,00;0,00;Valor Recebido Pela Venda de Imobilizado;DFC-I;
Compras de Ativos Intangiveis;-28382,00;-7699,00;-15724,00;-29334,00;-85697,00;-82090,00;-66319,00;-45436,00;-15596,00;-16575,00;Compras de Ativos Intangiveis;DFC-I;
Dividendos Recebidos;340955,00;26500,00;96701,00;121848,00;193961,00;203433,00;36869,00;26197,00;59031,00;89695,00;Dividendos Recebidos;DFC-I;
Titulos e valores mobiliarios;-42844,00;993869,00;-313399,00;-482094,00;93538,00;701929,00;0,00;0,00;0,00;0,00;;DFC-I;
Caixa Liquido Atividades de Financiamento;-1076793,00;-646603,00;678038,00;-357928,00;-947377,00;-1414532,00;-1296790,00;155151,00;3878398,00;-1129444,00;Caixa Liquido Atividades de Financiamento;DFC-F;
Ingressos de Emprestimos de Financiamentos e Debentures;0,00;0,00;0,00;1678529,00;913662,00;1478645,00;452758,00;1497120,00;3684823,00;1054450,00;Ingressos de Emprestimos de Financiamentos e Debêntures ;DFC-F;
Pagamento de Emprestimos e Financiamentos;-951206,00;-309780,00;-185431,00;-1852591,00;-1414769,00;-2995804,00;-1598095,00;-940230,00;-1282478,00;-1357900,00;Pagamento de Emprestimos e Financiamentos ;DFC-F;
Recebimento Decorrente de Emissao de Acoes;0,00;0,00;0,00;0,00;0,00;0,00;0,00;42063,00;2137265,00;0,00;Recebimento Decorrente de Emissao de Acoes;DFC-F;
Pagamento de Tributos Parcelados;-132,00;-4342,00;-1601,00;-1178,00;-67080,00;-14958,00;-35229,00;-34335,00;-46734,00;-23498,00;Pagamento de Tributos Parcelados;DFC-F;
Liquidacao de Operacoes de Swap;14,00;-6976,00;12240,00;-27165,00;-33384,00;2417,00;-22125,00;-37571,00;-18920,00;-104304,00;Liquidacao de Operacoes de Swap;DFC-F;
Dividendos e Juros Sobre Capital Proprio Pagos;-125469,00;-25505,00;-3,00;-39295,00;-152799,00;-105804,00;-94099,00;-371896,00;-595558,00;-698192,00;Dividendos e Juros Sobre Capital Proprio Pagos;DFC-F;
Ganho de Capital;0,00;0,00;0,00;0,00;0,00;220972,00;0,00;0,00;0,00;0,00;;DFC-F;
Cessoes de credito contratadas;0,00;0,00;43832,00;477357,00;772681,00;0,00;0,00;0,00;0,00;0,00;;DFC-F;
Cessoes de credito liquidadas;0,00;0,00;-241294,00;-593585,00;-965688,00;0,00;0,00;0,00;0,00;0,00;;DFC-F;
Recebimento Por Aumento de Capital Social;0,00;0,00;1050295,00;0,00;0,00;0,00;0,00;0,00;0,00;0,00;;DFC-F;
Reducao de capital em controlada  - participacao dos   acionistas nao controladores;0,00;-300000,00;0,00;0,00;0,00;0,00;0,00;0,00;0,00;0,00;;DFC-F;
Variacao Cambial s/ Caixa e Equivalentes;-708,00;7431,00;-14203,00;43162,00;8761,00;-14241,00;10610,00;-7138,00;-642,00;-12167,00;Variacao Cambial s/ Caixa e Equivalentes;DFC-F;
Aumento (Reducao) de Caixa e Equivalentes;-663783,00;1050703,00;-80402,00;-1309540,00;-523375,00;-490131,00;279452,00;-1244467,00;2047583,00;-826045,00;Aumento (Reducao) de Caixa e Equivalentes;DFC-F;
Saldo Inicial de Caixa e Equivalentes;1770573,00;719870,00;800272,00;2109812,00;2633187,00;3123318,00;2901312,00;4145779,00;2098196,00;2924241,00;Saldo Inicial de Caixa e Equivalentes;DFC-F;
Saldo Final de Caixa e Equivalentes;1106790,00;1770573,00;719870,00;800272,00;2109812,00;2633187,00;3180764,00;2901312,00;4145779,00;2098196,00;Saldo Final de Caixa e Equivalentes;DFC-F;
DVA;;;;;;;;;;;;DVA;
Receitas;17829112,00;14361690,00;11196769,00;13801739,00;16846406,00;17997454,00;16759074,00;15790912,00;17046605,00;14607360,00;Receitas;DVA;
Vendas de Mercadorias, Produtos e Servicos;17499783,00;14000424,00;11101311,00;13571271,00;16245689,00;17863766,00;16696407,00;15832381,00;16992062,00;14605600,00;Vendas de Mercadorias, Produtos e Servicos;DVA;
Outras Receitas;371247,00;385579,00;151081,00;248826,00;610142,00;150737,00;64721,00;30691,00;44714,00;8733,00;Outras Receitas;DVA;
Receitas refs. a Construcao de Ativos Proprios;0,00;0,00;0,00;0,00;0,00;0,00;0,00;0,00;0,00;0,00;Receitas refs. a Construcao de Ativos Proprios;DVA;
Provisao/Reversao de Crads. Liquidacao Duvidosa;-41918,00;-24313,00;-55623,00;-18358,00;-9425,00;-17049,00;-2054,00;-72160,00;9829,00;-6973,00;Provisao/Reversao de Crads. Liquidacao Duvidosa;DVA;
Insumos Adquiridos de Terceiros;-14055059,00;-10093165,00;-8221230,00;-13674678,00;-12515320,00;-12624323,00;-13446325,00;-12042212,00;-11270649,00;-9996522,00;Insumos Adquiridos de Terceiros;DVA;
Custos Prods., Mercs. e Servs. Vendidos;-12865579,00;-9324115,00;-7579841,00;-9616176,00;-11383819,00;-11737162,00;-12297381,00;-11213576,00;-10488544,00;-8976288,00;Custos Prods., Mercs. e Servs. Vendidos;DVA;
Materiais, Energia, Servs. de Terceiros e Outros;-1189480,00;-769050,00;-641389,00;-4058502,00;-1131501,00;-887161,00;-1148944,00;-828636,00;-776718,00;-1007168,00;Materiais, Energia, Servs. de Terceiros e Outros;DVA;
Perda/Recuperacao de Valores Ativos;0,00;0,00;0,00;0,00;0,00;0,00;0,00;0,00;-5387,00;-13066,00;Perda/Recuperacao de Valores Ativos;DVA;
Outros custos;0,00;0,00;0,00;0,00;0,00;0,00;0,00;0,00;0,00;0,00;Outros;DVA;
Valor Adicionado Bruto;3774053,00;4268525,00;2975539,00;127061,00;4331086,00;5373131,00;3312749,00;3748700,00;5775956,00;4610838,00;Valor Adicionado Bruto;DVA;
Retencoes;-1029535,00;-1171851,00;-1216491,00;-1311699,00;-1114597,00;-1072433,00;-997718,00;-856888,00;-822858,00;-862117,00;Retencoes;DVA;
Depreciacao, Amortizacao e Exaustao;-1029535,00;-1171851,00;-1216491,00;-1311699,00;-1114597,00;-1072433,00;-997718,00;-856888,00;-822858,00;-862117,00;Depreciacao, Amortizacao e Exaustao;DVA;
Outras retencoes;0,00;0,00;0,00;0,00;0,00;0,00;0,00;0,00;0,00;0,00;Outras;DVA;
Valor Adicionado Liquido Produzido;2744518,00;3096674,00;1759048,00;-1184638,00;3216489,00;4300698,00;2315031,00;2891812,00;4953098,00;3748721,00;Valor Adicionado Liquido Produzido;DVA;
Vlr Adicionado Recebido em Transferencia;1462143,00;665437,00;1454657,00;507618,00;515911,00;459874,00;555443,00;836889,00;920535,00;1494392,00;Vlr Adicionado Recebido em Transferência;DVA;
Resultado de Equivalencia Patrimonial;260350,00;154896,00;142861,00;95582,00;183780,00;181201,00;61168,00;66967,00;235885,00;167558,00;Resultado de Equivalência Patrimonial;DVA;
Receitas Financeiras;1169147,00;561238,00;671218,00;428538,00;337288,00;326930,00;408183,00;625943,00;415216,00;381887,00;Receitas Financeiras;DVA;
Outros resultados;32646,00;-50697,00;640578,00;-16502,00;-5157,00;-48257,00;86092,00;143979,00;269434,00;944947,00;Outros;DVA;
Ganhos e perdas atuariais;-29380,00;-29096,00;1480,00;-16502,00;-5157,00;-48257,00;0,00;0,00;0,00;0,00;;DVA;
Variacoes cambiais liquidas;62026,00;-21601,00;639098,00;0,00;0,00;0,00;0,00;0,00;0,00;0,00;;DVA;
Valor Adicionado Total a Distribuir;4206661,00;3762111,00;3213705,00;-677020,00;3732400,00;4760572,00;2870474,00;3728701,00;5873633,00;5243113,00;Valor Adicionado Total a Distribuir;DVA;
Distribuicao do Valor Adicionado;4206661,00;3762111,00;3213705,00;-677020,00;3732400,00;4760572,00;2870474,00;3728701,00;5873633,00;5243113,00;Distribuicao do Valor Adicionado;DVA;
Pessoal;1048119,00;1004401,00;1100727,00;1565429,00;1531949,00;1862648,00;1905353,00;1798103,00;1532747,00;1084550,00;Pessoal;DVA;
Remuneracao Direta;967291,00;909734,00;977750,00;1400044,00;1330315,00;1587016,00;1648907,00;1506768,00;1336424,00;866241,00;Remuneracao Direta;DVA;
Beneficios;3572,00;6024,00;30880,00;37691,00;92862,00;173312,00;134003,00;147856,00;80542,00;23449,00;Beneficios;DVA;
F.G.T.S.;77256,00;88643,00;92097,00;127694,00;108772,00;102320,00;122443,00;143479,00;115781,00;149686,00;F.G.T.S.;DVA;
Outros impostos;0,00;0,00;0,00;0,00;0,00;0,00;0,00;0,00;0,00;0,00;Outros;DVA;
Impostos, Taxas e Contribuicoes;1191719,00;1440073,00;1349349,00;-231703,00;1131853,00;1658994,00;585607,00;671275,00;2161154,00;2397045,00;Impostos, Taxas e Contribuicoes;DVA;
Federais;641818,00;584516,00;927116,00;-529077,00;865941,00;774823,00;400143,00;488596,00;1165090,00;1356169,00;Federais;DVA;
Estaduais;476244,00;787682,00;334652,00;208141,00;185516,00;760357,00;135881,00;126601,00;958388,00;1004834,00;Estaduais;DVA;
Municipais;73657,00;67875,00;87581,00;89233,00;80396,00;123814,00;49583,00;56078,00;37676,00;36042,00;Municipais;DVA;
Remuneracao de Capitais de Terceiros;1138128,00;1002557,00;1340472,00;1674231,00;860119,00;1222139,00;910814,00;648694,00;596082,00;486063,00;Remuneracao de Capitais de Terceiros;DVA;
Juros;915426,00;1002428,00;1038349,00;842530,00;694884,00;1003814,00;782244,00;628597,00;472942,00;588480,00;Juros;DVA;
Alugueis;0,00;0,00;0,00;0,00;0,00;0,00;0,00;0,00;4827,00;3606,00;Alugueis;DVA;
Outras distrib;222702,00;129,00;302123,00;831701,00;165235,00;218325,00;128570,00;20097,00;118313,00;-106023,00;Outras;DVA;
Variacoes Cambiais Liquidas;225421,00;0,00;0,00;1072090,00;193118,00;240566,00;190985,00;0,00;0,00;967331,00;Variacoes Cambiais Liquidas;DVA;
Outras;-2719,00;129,00;302123,00;-240389,00;-27883,00;-22241,00;-62415,00;20097,00;118313,00;1275455,00;Outras;DVA;
Remuneracao de Capitais Proprios;828695,00;315080,00;-576843,00;-3684977,00;208479,00;16791,00;-531300,00;610629,00;1583650,00;1275455,00;Remuneracao de Capitais Proprios;DVA;
Juros sobre o Capital Proprio;0,00;0,00;0,00;0,00;0,00;0,00;0,00;81577,00;550144,00;397885,00;Juros sobre o Capital Proprio;DVA;
Dividendos;0,00;0,00;0,00;0,00;0,00;0,00;0,00;0,00;0,00;73119,00;Dividendos;DVA;
Lucros Retidos / Prejuizo do Periodo;726658,00;233015,00;-669952,00;-3236105,00;129552,00;-141678,00;-639574,00;357996,00;1021696,00;806880,00;Lucros Retidos / Prejuizo do Periodo;DVA;
Part. Nao Controladores nos Lucros Retidos;102037,00;82065,00;93109,00;-448872,00;78927,00;158469,00;108274,00;171056,00;11810,00;-2429,00;Part. Nao Controladores nos Lucros Retidos;DVA;
Outros;0,00;0,00;0,00;0,00;0,00;0,00;0,00;0,00;0,00;0,00;Outros;DVA;
Mercado;;;;;;;;;;;;MERC;
IGP-DI;0,07102;-0,00420;0,07150;0,10680;0,03780;0,05530;0,08110;0,05010;0,11310;-0,01440;;MERC;
Fator de Correcao;1,00000;1,07102;0,99162;1,14811;1,21988;1,15511;1,33721;1,45853;1,45664;1,78111;;MERC;
Cotacao USIM5;9,22000;9,10000;4,10000;1,55000;5,05000;14,21000;12,80000;10,15000;19,16000;51,00000;;MERC;
Numero de acoes;1253079108;1253079108;1253079108;1013786190;1013786190;1013786190;1013786190;1013786190;1013786190;506893095;;MERC;
FIM;;;;;;;;;;;;FIM;